Datum von:;="01.04.2025"
Datum bis:;="30.04.2025"
Kategorie:;="Alle"
Konto:;="CH56 0000 0000 0000 0000 0"
Währung:;="CHF"

Datum;Bewegungstyp;Avisierungstext;Gutschrift in CHF;Lastschrift in CHF;Label;Kategorie

04.04.2025;Buchung;"GUTSCHRIFT POSTFINANCE CARD VOM 04.04.2025 KARTEN NR. XXXX1384 UEFA WOMEN'S EURO 2025 NYON (CH)";100;;;Rückerstattungen
16.04.2025;Buchung;"GUTSCHRIFT CH9300762011623852957 ABSENDER: FIKTIVE LOHN AG PERSONALABTEILUNG MITTEILUNGEN: LOHNBEISPIEL APRIL 2025 REFERENZEN: DEMO REF 001";4200;;;Beispiel
17.04.2025;Buchung;"LASTSCHRIFT CH1122223333444455556 ANONYMISIERTER VEREIN MITTEILUNGEN: DEMO-ZWECK JAHRESBEITRAG";;25;;Beispiel
18.04.2025;Buchung;"PF PAY KAUF/ONLINE-SHOPPING VOM 18.04.2025 FIKTIVE DIGITAL GMBH BILLING.PAY.DEMO.CH PAYMENT ID 000A00D0 BESTELLNUMMER AB00CD00";;-33.7;;Beispiel
19.04.2025;Buchung;"PF PAY KAUF/ONLINE-SHOPPING VOM 19.04.2025 FIKTIVE POST AG HTTPS://BEISPIEL.CH PAYMENT ID AB0CD0EF00GH0IJ0 BESTELLNUMMER MYS_AB0CD0EF00GH0I";;-12.5;;Beispiel
20.04.2025;Buchung;"APPLE PAY GUTSCHRIFT POSTFINANCE CARD VOM 20.04.2025 KARTEN NR. XXXX4821 FIKTIVER SCHUHLADEN BIEL (CH)";49.9;;;Beispiel
21.04.2025;Buchung;"APPLE PAY GUTSCHRIFT POSTFINANCE CARD VOM 21.04.2025 EUR 20.00 ZUM KURS VON 0.9567 KARTEN NR. XXXX4821 FIKTIVER FAHRSCHEIN BERLIN DEUTSCHLAND";19.15;;;Beispiel
22.04.2025;Buchung;"BARGELDBEZUG VOM 22.04.2025 EUR 150.00 ZUM KURS VON 0.9567 KARTEN NR. XXXX4821 BAHNHOF BEISPIELSTADT (CH)";;-143.5;;Beispiel
